Date,Close/Last,Volume,Open,High,Low,Adjusted Close
12/01/2021,20.57,N/A,20.57,20.57,20.57,20.57
11/30/2021,20.93,N/A,20.93,20.93,20.93,20.93
11/29/2021,21.43,N/A,21.43,21.43,21.43,21.43
11/26/2021,21.19,N/A,21.19,21.19,21.19,21.19
11/24/2021,21.82,N/A,21.82,21.82,21.82,21.82
11/23/2021,21.56,N/A,21.56,21.56,21.56,21.56
11/22/2021,21.37,N/A,21.37,21.37,21.37,21.37
11/19/2021,21.46,N/A,21.46,21.46,21.46,21.46
11/18/2021,21.58,N/A,21.58,21.58,21.58,21.58
11/17/2021,21.59,N/A,21.59,21.59,21.59,21.59
11/16/2021,21.46,N/A,21.46,21.46,21.46,21.46
11/15/2021,21.59,N/A,21.59,21.59,21.59,21.59
11/12/2021,21.43,N/A,21.43,21.43,21.43,21.43
11/11/2021,21.42,N/A,21.42,21.42,21.42,21.42
11/10/2021,21.38,N/A,21.38,21.38,21.38,21.38
11/09/2021,21.44,N/A,21.44,21.44,21.44,21.44
11/08/2021,21.4,N/A,21.4,21.4,21.4,21.4
11/05/2021,21.46,N/A,21.46,21.46,21.46,21.46
11/04/2021,21.34,N/A,21.34,21.34,21.34,21.34
11/03/2021,21.57,N/A,21.57,21.57,21.57,21.57
11/02/2021,21.45,N/A,21.45,21.45,21.45,21.45
11/01/2021,21.3,N/A,21.3,21.3,21.3,21.3
10/29/2021,21.19,N/A,21.19,21.19,21.19,21.19
10/28/2021,21.42,N/A,21.42,21.42,21.42,21.42
10/27/2021,21.13,N/A,21.13,21.13,21.13,21.13
10/26/2021,21.28,N/A,21.28,21.28,21.28,21.28
10/25/2021,21.25,N/A,21.25,21.25,21.25,21.25
10/22/2021,21.18,N/A,21.18,21.18,21.18,21.18
10/21/2021,21.05,N/A,21.05,21.05,21.05,21.05
10/20/2021,21.01,N/A,21.01,21.01,21.01,21.01
10/19/2021,20.72,N/A,20.72,20.72,20.72,20.72
10/18/2021,20.73,N/A,20.73,20.73,20.73,20.73
10/15/2021,20.67,N/A,20.67,20.67,20.67,20.67
10/14/2021,20.69,N/A,20.69,20.69,20.69,20.69
10/13/2021,20.45,N/A,20.45,20.45,20.45,20.45
10/12/2021,20.32,N/A,20.32,20.32,20.32,20.32
10/11/2021,20.06,N/A,20.06,20.06,20.06,20.06
10/08/2021,20,N/A,20,20,20,20
10/07/2021,20.17,N/A,20.17,20.17,20.17,20.17
10/06/2021,20.12,N/A,20.12,20.12,20.12,20.12
10/05/2021,19.91,N/A,19.91,19.91,19.91,19.91
10/04/2021,20.08,N/A,20.08,20.08,20.08,20.08
10/01/2021,20.07,N/A,20.07,20.07,20.07,20.07
09/30/2021,19.79,N/A,19.79,19.79,19.79,19.79
09/29/2021,20.21,N/A,20.21,20.21,20.21,20.118
09/28/2021,20.06,N/A,20.06,20.06,20.06,19.9687
09/27/2021,20.14,N/A,20.14,20.14,20.14,20.0483
09/24/2021,20.42,N/A,20.42,20.42,20.42,20.327
09/23/2021,20.66,N/A,20.66,20.66,20.66,20.566
09/22/2021,20.72,N/A,20.72,20.72,20.72,20.6257
09/21/2021,20.51,N/A,20.51,20.51,20.51,20.4166
09/20/2021,20.55,N/A,20.55,20.55,20.55,20.4565
09/17/2021,20.65,N/A,20.65,20.65,20.65,20.556
09/16/2021,20.85,N/A,20.85,20.85,20.85,20.7551
09/15/2021,20.81,N/A,20.81,20.81,20.81,20.7153
09/14/2021,20.74,N/A,20.74,20.74,20.74,20.6456
09/13/2021,20.78,N/A,20.78,20.78,20.78,20.6854
09/10/2021,20.65,N/A,20.65,20.65,20.65,20.556
09/09/2021,20.9,N/A,20.9,20.9,20.9,20.8049
09/08/2021,21.33,N/A,21.33,21.33,21.33,21.2329
09/07/2021,21.22,N/A,21.22,21.22,21.22,21.1234
09/03/2021,21.43,N/A,21.43,21.43,21.43,21.3325
09/02/2021,21.45,N/A,21.45,21.45,21.45,21.3524
09/01/2021,21.35,N/A,21.35,21.35,21.35,21.2528
08/31/2021,21.03,N/A,21.03,21.03,21.03,20.9343
08/30/2021,20.93,N/A,20.93,20.93,20.93,20.8347
08/27/2021,20.71,N/A,20.71,20.71,20.71,20.6157
08/26/2021,20.49,N/A,20.49,20.49,20.49,20.3967
08/25/2021,20.47,N/A,20.47,20.47,20.47,20.3768
08/24/2021,20.46,N/A,20.46,20.46,20.46,20.3669
08/23/2021,20.51,N/A,20.51,20.51,20.51,20.4166
08/20/2021,20.56,N/A,20.56,20.56,20.56,20.4664
08/19/2021,20.47,N/A,20.47,20.47,20.47,20.3768
08/18/2021,20.38,N/A,20.38,20.38,20.38,20.2872
08/17/2021,20.55,N/A,20.55,20.55,20.55,20.4565
08/16/2021,20.58,N/A,20.58,20.58,20.58,20.4863
08/13/2021,20.62,N/A,20.62,20.62,20.62,20.5261
08/12/2021,20.52,N/A,20.52,20.52,20.52,20.4266
08/11/2021,20.46,N/A,20.46,20.46,20.46,20.3669
08/10/2021,20.33,N/A,20.33,20.33,20.33,20.2375
08/09/2021,20.48,N/A,20.48,20.48,20.48,20.3868
08/06/2021,20.61,N/A,20.61,20.61,20.61,20.5162
08/05/2021,20.67,N/A,20.67,20.67,20.67,20.5759
08/04/2021,20.42,N/A,20.42,20.42,20.42,20.327
08/03/2021,20.46,N/A,20.46,20.46,20.46,20.3669
08/02/2021,20.4,N/A,20.4,20.4,20.4,20.3071
07/30/2021,20.44,N/A,20.44,20.44,20.44,20.347
07/29/2021,20.44,N/A,20.44,20.44,20.44,20.347
07/28/2021,20.47,N/A,20.47,20.47,20.47,20.3768
07/27/2021,20.51,N/A,20.51,20.51,20.51,20.4166
07/26/2021,20.41,N/A,20.41,20.41,20.41,20.3171
07/23/2021,20.39,N/A,20.39,20.39,20.39,20.2972
07/22/2021,20.23,N/A,20.23,20.23,20.23,20.1379
07/21/2021,20.34,N/A,20.34,20.34,20.34,20.2474
07/20/2021,20.34,N/A,20.34,20.34,20.34,20.2474
07/19/2021,19.87,N/A,19.87,19.87,19.87,19.7796
07/16/2021,20.26,N/A,20.26,20.26,20.26,20.1678
07/15/2021,20.26,N/A,20.26,20.26,20.26,20.1678
07/14/2021,20.22,N/A,20.22,20.22,20.22,20.128
07/13/2021,20.04,N/A,20.04,20.04,20.04,19.9488
07/12/2021,20.33,N/A,20.33,20.33,20.33,20.2375
07/09/2021,20.17,N/A,20.17,20.17,20.17,20.0782
07/08/2021,19.86,N/A,19.86,19.86,19.86,19.7696
07/07/2021,19.92,N/A,19.92,19.92,19.92,19.8293
07/06/2021,19.87,N/A,19.87,19.87,19.87,19.7796
07/02/2021,19.72,N/A,19.72,19.72,19.72,19.6302
07/01/2021,19.64,N/A,19.64,19.64,19.64,19.5506
06/30/2021,19.57,N/A,19.57,19.57,19.57,19.4809
06/29/2021,19.78,N/A,19.78,19.78,19.78,19.6083
06/28/2021,19.81,N/A,19.81,19.81,19.81,19.6381
06/25/2021,19.86,N/A,19.86,19.86,19.86,19.6876
06/24/2021,19.72,N/A,19.72,19.72,19.72,19.5488
06/23/2021,19.78,N/A,19.78,19.78,19.78,19.6083
06/22/2021,19.81,N/A,19.81,19.81,19.81,19.6381
06/21/2021,19.89,N/A,19.89,19.89,19.89,19.7174
06/18/2021,19.48,N/A,19.48,19.48,19.48,19.3109
06/17/2021,19.81,N/A,19.81,19.81,19.81,19.6381
06/16/2021,19.82,N/A,19.82,19.82,19.82,19.648
06/15/2021,20,N/A,20,20,20,19.8264
06/14/2021,20.19,N/A,20.19,20.19,20.19,20.0148
06/11/2021,20.17,N/A,20.17,20.17,20.17,19.9949
06/10/2021,20.24,N/A,20.24,20.24,20.24,20.0643
06/09/2021,20.12,N/A,20.12,20.12,20.12,19.9454
06/08/2021,20.11,N/A,20.11,20.11,20.11,19.9355
06/07/2021,19.95,N/A,19.95,19.95,19.95,19.7769
06/04/2021,19.64,N/A,19.64,19.64,19.64,19.4695
06/03/2021,19.63,N/A,19.63,19.63,19.63,19.4596
06/02/2021,19.68,N/A,19.68,19.68,19.68,19.5092
06/01/2021,19.45,N/A,19.45,19.45,19.45,19.2812
05/28/2021,19.13,N/A,19.13,19.13,19.13,18.964
05/27/2021,19.02,N/A,19.02,19.02,19.02,18.8549
05/26/2021,19.08,N/A,19.08,19.08,19.08,18.9144
05/25/2021,19.01,N/A,19.01,19.01,19.01,18.845
05/24/2021,18.98,N/A,18.98,18.98,18.98,18.8153
05/21/2021,18.79,N/A,18.79,18.79,18.79,18.6269
05/20/2021,18.84,N/A,18.84,18.84,18.84,18.6765
05/19/2021,18.65,N/A,18.65,18.65,18.65,18.4881
05/18/2021,18.71,N/A,18.71,18.71,18.71,18.5476
05/17/2021,18.68,N/A,18.68,18.68,18.68,18.5179
05/14/2021,18.66,N/A,18.66,18.66,18.66,18.498
05/13/2021,18.42,N/A,18.42,18.42,18.42,18.2601
05/12/2021,18.2,N/A,18.2,18.2,18.2,18.042
05/11/2021,18.64,N/A,18.64,18.64,18.64,18.4782
05/10/2021,18.89,N/A,18.89,18.89,18.89,18.7261
05/07/2021,18.88,N/A,18.88,18.88,18.88,18.7161
05/06/2021,18.65,N/A,18.65,18.65,18.65,18.4881
05/05/2021,18.57,N/A,18.57,18.57,18.57,18.4088
05/04/2021,18.85,N/A,18.85,18.85,18.85,18.6864
05/03/2021,18.99,N/A,18.99,18.99,18.99,18.8252
04/30/2021,19.07,N/A,19.07,19.07,19.07,18.9045
04/29/2021,18.97,N/A,18.97,18.97,18.97,18.8054
04/28/2021,18.75,N/A,18.75,18.75,18.75,18.5873
04/27/2021,18.8,N/A,18.8,18.8,18.8,18.6368
04/26/2021,18.78,N/A,18.78,18.78,18.78,18.617
04/23/2021,18.75,N/A,18.75,18.75,18.75,18.5873
04/22/2021,18.65,N/A,18.65,18.65,18.65,18.4881
04/21/2021,18.72,N/A,18.72,18.72,18.72,18.5575
04/20/2021,18.62,N/A,18.62,18.62,18.62,18.4584
04/19/2021,18.47,N/A,18.47,18.47,18.47,18.3097
04/16/2021,18.42,N/A,18.42,18.42,18.42,18.2601
04/15/2021,18.4,N/A,18.4,18.4,18.4,18.2403
04/14/2021,18.03,N/A,18.03,18.03,18.03,17.8735
04/13/2021,18.17,N/A,18.17,18.17,18.17,18.0123
04/12/2021,18.04,N/A,18.04,18.04,18.04,17.8834
04/09/2021,17.94,N/A,17.94,17.94,17.94,17.7843
04/08/2021,17.94,N/A,17.94,17.94,17.94,17.7843
04/07/2021,18,N/A,18,18,18,17.8438
04/06/2021,17.99,N/A,17.99,17.99,17.99,17.8339
04/05/2021,17.93,N/A,17.93,17.93,17.93,17.7744
04/01/2021,17.86,N/A,17.86,17.86,17.86,17.705
03/31/2021,17.52,N/A,17.52,17.52,17.52,17.3679
03/30/2021,17.7,N/A,17.7,17.7,17.7,17.4661
03/29/2021,17.71,N/A,17.71,17.71,17.71,17.476
03/26/2021,17.78,N/A,17.78,17.78,17.78,17.545
03/25/2021,17.42,N/A,17.42,17.42,17.42,17.1898
03/24/2021,17.28,N/A,17.28,17.28,17.28,17.0516
03/23/2021,17.38,N/A,17.38,17.38,17.38,17.1503
03/22/2021,17.39,N/A,17.39,17.39,17.39,17.1602
03/19/2021,17.26,N/A,17.26,17.26,17.26,17.0319
03/18/2021,17.49,N/A,17.49,17.49,17.49,17.2589
03/17/2021,17.65,N/A,17.65,17.65,17.65,17.4167
03/16/2021,17.6,N/A,17.6,17.6,17.6,17.3674
03/15/2021,17.67,N/A,17.67,17.67,17.67,17.4365
03/12/2021,17.39,N/A,17.39,17.39,17.39,17.1602
03/11/2021,17.11,N/A,17.11,17.11,17.11,16.8839
03/10/2021,16.95,N/A,16.95,16.95,16.95,16.726
03/09/2021,16.79,N/A,16.79,16.79,16.79,16.5681
03/08/2021,16.69,N/A,16.69,16.69,16.69,16.4694
03/05/2021,16.59,N/A,16.59,16.59,16.59,16.3708
03/04/2021,16.35,N/A,16.35,16.35,16.35,16.1339
03/03/2021,16.54,N/A,16.54,16.54,16.54,16.3214
03/02/2021,16.65,N/A,16.65,16.65,16.65,16.43
03/01/2021,16.79,N/A,16.79,16.79,16.79,16.5681
02/26/2021,16.74,N/A,16.74,16.74,16.74,16.5188
02/25/2021,16.99,N/A,16.99,16.99,16.99,16.7655
02/24/2021,17.29,N/A,17.29,17.29,17.29,17.0615
02/23/2021,17.17,N/A,17.17,17.17,17.17,16.9431
02/22/2021,17.07,N/A,17.07,17.07,17.07,16.8444
02/19/2021,16.96,N/A,16.96,16.96,16.96,16.7359
02/18/2021,16.83,N/A,16.83,16.83,16.83,16.6076
02/17/2021,16.87,N/A,16.87,16.87,16.87,16.6471
02/16/2021,16.88,N/A,16.88,16.88,16.88,16.6569
02/12/2021,17.02,N/A,17.02,17.02,17.02,16.7951
02/11/2021,17.03,N/A,17.03,17.03,17.03,16.8049
02/10/2021,17,N/A,17,17,17,16.7753
02/09/2021,16.91,N/A,16.91,16.91,16.91,16.6865
02/08/2021,16.86,N/A,16.86,16.86,16.86,16.6372
02/05/2021,16.8,N/A,16.8,16.8,16.8,16.578
02/04/2021,16.71,N/A,16.71,16.71,16.71,16.4892
02/03/2021,16.65,N/A,16.65,16.65,16.65,16.43
02/02/2021,16.69,N/A,16.69,16.69,16.69,16.4694
02/01/2021,16.59,N/A,16.59,16.59,16.59,16.3708
01/29/2021,16.17,N/A,16.17,16.17,16.17,15.9563
01/28/2021,16.35,N/A,16.35,16.35,16.35,16.1339
01/27/2021,16.23,N/A,16.23,16.23,16.23,16.0155
01/26/2021,16.58,N/A,16.58,16.58,16.58,16.3609
01/25/2021,16.5,N/A,16.5,16.5,16.5,16.2819
01/22/2021,16.4,N/A,16.4,16.4,16.4,16.1833
01/21/2021,16.38,N/A,16.38,16.38,16.38,16.1635
01/20/2021,16.45,N/A,16.45,16.45,16.45,16.2326
01/19/2021,16.12,N/A,16.12,16.12,16.12,15.907
01/15/2021,16.2,N/A,16.2,16.2,16.2,15.9859
01/14/2021,16.04,N/A,16.04,16.04,16.04,15.828
01/13/2021,15.96,N/A,15.96,15.96,15.96,15.7491
01/12/2021,15.73,N/A,15.73,15.73,15.73,15.5221
01/11/2021,15.69,N/A,15.69,15.69,15.69,15.4827
01/08/2021,15.92,N/A,15.92,15.92,15.92,15.7096
01/07/2021,15.75,N/A,15.75,15.75,15.75,15.5419
01/06/2021,15.79,N/A,15.79,15.79,15.79,15.5813
01/05/2021,15.77,N/A,15.77,15.77,15.77,15.5616
01/04/2021,15.74,N/A,15.74,15.74,15.74,15.532
12/31/2020,16.3,N/A,16.3,16.3,16.3,16.0846
12/30/2020,16.14,N/A,16.14,16.14,16.14,15.9267
12/29/2020,16.07,N/A,16.07,16.07,16.07,15.8576
12/28/2020,16.2,N/A,16.2,16.2,16.2,15.9859
12/24/2020,16.1,N/A,16.1,16.1,16.1,15.8872
12/23/2020,15.98,N/A,15.98,15.98,15.98,15.7688
12/22/2020,16.09,N/A,16.09,16.09,16.09,15.8774
12/21/2020,15.91,N/A,15.91,15.91,15.91,15.6997
12/18/2020,16.03,N/A,16.03,16.03,16.03,15.8182
12/17/2020,16.36,N/A,16.36,16.36,16.36,16.1438
12/16/2020,16.19,N/A,16.19,16.19,16.19,15.976
12/15/2020,16.12,N/A,16.12,16.12,16.12,15.907
12/14/2020,15.75,N/A,15.75,15.75,15.75,15.5419
12/11/2020,15.82,N/A,15.82,15.82,15.82,15.6109
12/10/2020,15.83,N/A,15.83,15.83,15.83,15.6208
12/09/2020,16.12,N/A,16.12,16.12,16.12,15.7007
12/08/2020,16.23,N/A,16.23,16.23,16.23,15.8079
12/07/2020,16.28,N/A,16.28,16.28,16.28,15.8566
12/04/2020,16.4,N/A,16.4,16.4,16.4,15.9735
12/03/2020,16.18,N/A,16.18,16.18,16.18,15.7592
12/02/2020,15.99,N/A,15.99,15.99,15.99,15.5741
12/01/2020,16.09,N/A,16.09,16.09,16.09,15.6715
11/30/2020,15.86,N/A,15.86,15.86,15.86,15.4475
11/27/2020,16.02,N/A,16.02,16.02,16.02,15.6033
11/25/2020,16.12,N/A,16.12,16.12,16.12,15.7007
11/24/2020,16.11,N/A,16.11,16.11,16.11,15.691
11/23/2020,16.01,N/A,16.01,16.01,16.01,15.5936
11/20/2020,16.01,N/A,16.01,16.01,16.01,15.5936
11/19/2020,16.1,N/A,16.1,16.1,16.1,15.6813
11/18/2020,16.03,N/A,16.03,16.03,16.03,15.6131
11/17/2020,16.33,N/A,16.33,16.33,16.33,15.9053
11/16/2020,16.35,N/A,16.35,16.35,16.35,15.9248
11/13/2020,16.19,N/A,16.19,16.19,16.19,15.7689
11/12/2020,15.78,N/A,15.78,15.78,15.78,15.3696
11/11/2020,15.97,N/A,15.97,15.97,15.97,15.5546
11/10/2020,15.88,N/A,15.88,15.88,15.88,15.467
11/09/2020,15.65,N/A,15.65,15.65,15.65,15.243
11/06/2020,15.18,N/A,15.18,15.18,15.18,14.7852
11/05/2020,15.27,N/A,15.27,15.27,15.27,14.8728
11/04/2020,15.23,N/A,15.23,15.23,15.23,14.8339
11/03/2020,15.19,N/A,15.19,15.19,15.19,14.7949
11/02/2020,14.88,N/A,14.88,14.88,14.88,14.493
10/30/2020,14.54,N/A,14.54,14.54,14.54,14.1618
10/29/2020,14.64,N/A,14.64,14.64,14.64,14.2592
10/28/2020,14.41,N/A,14.41,14.41,14.41,14.0352
10/27/2020,14.78,N/A,14.78,14.78,14.78,14.3956
10/26/2020,15.02,N/A,15.02,15.02,15.02,14.6293
10/23/2020,15.22,N/A,15.22,15.22,15.22,14.8241
10/22/2020,15.14,N/A,15.14,15.14,15.14,14.7462
10/21/2020,15.15,N/A,15.15,15.15,15.15,14.756
10/20/2020,15.18,N/A,15.18,15.18,15.18,14.7852
10/19/2020,15.06,N/A,15.06,15.06,15.06,14.6683
10/16/2020,15.3,N/A,15.3,15.3,15.3,14.9021
10/15/2020,15.42,N/A,15.42,15.42,15.42,15.0189
10/14/2020,15.36,N/A,15.36,15.36,15.36,14.9605
10/13/2020,15.53,N/A,15.53,15.53,15.53,15.1261
10/12/2020,15.78,N/A,15.78,15.78,15.78,15.3696
10/09/2020,15.7,N/A,15.7,15.7,15.7,15.2917
10/08/2020,15.77,N/A,15.77,15.77,15.77,15.3598
10/07/2020,15.53,N/A,15.53,15.53,15.53,15.1261
10/06/2020,15.5,N/A,15.5,15.5,15.5,15.0969
10/05/2020,15.6,N/A,15.6,15.6,15.6,15.1943
10/02/2020,15.51,N/A,15.51,15.51,15.51,15.1066
10/01/2020,15.22,N/A,15.22,15.22,15.22,14.8241
09/30/2020,14.94,N/A,14.94,14.94,14.94,14.5514
09/29/2020,14.96,N/A,14.96,14.96,14.96,14.5709
09/28/2020,15.08,N/A,15.08,15.08,15.08,14.6878
09/25/2020,14.79,N/A,14.79,14.79,14.79,14.4053
09/24/2020,14.49,N/A,14.49,14.49,14.49,14.1131
09/23/2020,14.42,N/A,14.42,14.42,14.42,14.045
09/22/2020,14.87,N/A,14.87,14.87,14.87,14.4832
09/21/2020,14.67,N/A,14.67,14.67,14.67,14.2884
09/18/2020,15.13,N/A,15.13,15.13,15.13,14.7365
09/17/2020,15.45,N/A,15.45,15.45,15.45,15.0482
09/16/2020,15.8,N/A,15.8,15.8,15.8,15.3891
09/15/2020,15.75,N/A,15.75,15.75,15.75,15.3404
09/14/2020,15.58,N/A,15.58,15.58,15.58,15.1748
09/11/2020,15.17,N/A,15.17,15.17,15.17,14.7754
09/10/2020,15.22,N/A,15.22,15.22,15.22,14.8241
09/09/2020,15.41,N/A,15.41,15.41,15.41,15.0092
09/08/2020,15.25,N/A,15.25,15.25,15.25,14.8534
09/04/2020,15.42,N/A,15.42,15.42,15.42,15.0189
09/03/2020,15.46,N/A,15.46,15.46,15.46,15.0579
09/02/2020,15.65,N/A,15.65,15.65,15.65,15.243
09/01/2020,15.35,N/A,15.35,15.35,15.35,14.9508
08/31/2020,15.32,N/A,15.32,15.32,15.32,14.9215
08/28/2020,15.51,N/A,15.51,15.51,15.51,15.1066
08/27/2020,15.39,N/A,15.39,15.39,15.39,14.9897
08/26/2020,15.17,N/A,15.17,15.17,15.17,14.7754
08/25/2020,15.29,N/A,15.29,15.29,15.29,14.8923
08/24/2020,15.27,N/A,15.27,15.27,15.27,14.8728
08/21/2020,15.17,N/A,15.17,15.17,15.17,14.7754
08/20/2020,15.14,N/A,15.14,15.14,15.14,14.7462
08/19/2020,14.97,N/A,14.97,14.97,14.97,14.5806
08/18/2020,15.26,N/A,15.26,15.26,15.26,14.8631
08/17/2020,15.34,N/A,15.34,15.34,15.34,14.941
08/14/2020,15.18,N/A,15.18,15.18,15.18,14.7852
08/13/2020,15.15,N/A,15.15,15.15,15.15,14.756
08/12/2020,15.33,N/A,15.33,15.33,15.33,14.9313
08/11/2020,15.16,N/A,15.16,15.16,15.16,14.7657
08/10/2020,15.4,N/A,15.4,15.4,15.4,14.9995
08/07/2020,15.36,N/A,15.36,15.36,15.36,14.9605
08/06/2020,15.19,N/A,15.19,15.19,15.19,14.7949
08/05/2020,15.13,N/A,15.13,15.13,15.13,14.7365
08/04/2020,15.19,N/A,15.19,15.19,15.19,14.7949
08/03/2020,14.97,N/A,14.97,14.97,14.97,14.5806
07/31/2020,15.17,N/A,15.17,15.17,15.17,14.7754
07/30/2020,15.21,N/A,15.21,15.21,15.21,14.8144
07/29/2020,15.29,N/A,15.29,15.29,15.29,14.8923
07/28/2020,14.93,N/A,14.93,14.93,14.93,14.5417
07/27/2020,14.63,N/A,14.63,14.63,14.63,14.2495
07/24/2020,14.48,N/A,14.48,14.48,14.48,14.1034
07/23/2020,14.6,N/A,14.6,14.6,14.6,14.2203
07/22/2020,14.71,N/A,14.71,14.71,14.71,14.3274
07/21/2020,14.43,N/A,14.43,14.43,14.43,14.0547
07/20/2020,14.38,N/A,14.38,14.38,14.38,14.006
07/17/2020,14.6,N/A,14.6,14.6,14.6,14.2203
07/16/2020,14.4,N/A,14.4,14.4,14.4,14.0255
07/15/2020,14.57,N/A,14.57,14.57,14.57,14.191
07/14/2020,14.39,N/A,14.39,14.39,14.39,14.0157
07/13/2020,14.28,N/A,14.28,14.28,14.28,13.9086
07/10/2020,14.5,N/A,14.5,14.5,14.5,14.1229
07/09/2020,14.44,N/A,14.44,14.44,14.44,14.0644
07/08/2020,14.54,N/A,14.54,14.54,14.54,14.1618
07/07/2020,14.58,N/A,14.58,14.58,14.58,14.2008
07/06/2020,14.87,N/A,14.87,14.87,14.87,14.4832
07/02/2020,14.9,N/A,14.9,14.9,14.9,14.5125
07/01/2020,14.98,N/A,14.98,14.98,14.98,14.5904
06/30/2020,14.59,N/A,14.59,14.59,14.59,14.2105
06/29/2020,14.89,N/A,14.89,14.89,14.89,14.0397
06/26/2020,14.6,N/A,14.6,14.6,14.6,13.7662
06/25/2020,14.88,N/A,14.88,14.88,14.88,14.0303
06/24/2020,14.7,N/A,14.7,14.7,14.7,13.8605
06/23/2020,15.11,N/A,15.11,15.11,15.11,14.2471
06/22/2020,15.15,N/A,15.15,15.15,15.15,14.2848
06/19/2020,15.19,N/A,15.19,15.19,15.19,14.3226
06/18/2020,15.46,N/A,15.46,15.46,15.46,14.5771
06/17/2020,15.61,N/A,15.61,15.61,15.61,14.7186
06/16/2020,15.84,N/A,15.84,15.84,15.84,14.9354
06/15/2020,15.57,N/A,15.57,15.57,15.57,14.6809
06/12/2020,15.34,N/A,15.34,15.34,15.34,14.464
06/11/2020,14.76,N/A,14.76,14.76,14.76,13.9171
06/10/2020,15.76,N/A,15.76,15.76,15.76,14.86
06/09/2020,16.2,N/A,16.2,16.2,16.2,15.2749
06/08/2020,16.49,N/A,16.49,16.49,16.49,15.5483
06/05/2020,16.16,N/A,16.16,16.16,16.16,15.2372
06/04/2020,15.58,N/A,15.58,15.58,15.58,14.6903
06/03/2020,15.72,N/A,15.72,15.72,15.72,14.8223
06/02/2020,15.14,N/A,15.14,15.14,15.14,14.2754
06/01/2020,15.03,N/A,15.03,15.03,15.03,14.1717
05/29/2020,14.62,N/A,14.62,14.62,14.62,13.7851
05/28/2020,14.77,N/A,14.77,14.77,14.77,13.9265
05/27/2020,14.75,N/A,14.75,14.75,14.75,13.9077
05/26/2020,14.46,N/A,14.46,14.46,14.46,13.6342
05/22/2020,13.95,N/A,13.95,13.95,13.95,13.1534
05/21/2020,13.69,N/A,13.69,13.69,13.69,12.9082
05/20/2020,13.66,N/A,13.66,13.66,13.66,12.8799
05/19/2020,13.56,N/A,13.56,13.56,13.56,12.7856
05/18/2020,13.72,N/A,13.72,13.72,13.72,12.9365
05/15/2020,12.91,N/A,12.91,12.91,12.91,12.1728
05/14/2020,12.96,N/A,12.96,12.96,12.96,12.2199
05/13/2020,12.88,N/A,12.88,12.88,12.88,12.1445
05/12/2020,13.15,N/A,13.15,13.15,13.15,12.399
05/11/2020,13.77,N/A,13.77,13.77,13.77,12.9836
05/08/2020,13.71,N/A,13.71,13.71,13.71,12.9271
05/07/2020,13.71,N/A,13.71,13.71,13.71,12.9271
05/06/2020,13.59,N/A,13.59,13.59,13.59,12.8139
05/05/2020,13.88,N/A,13.88,13.88,13.88,13.0874
05/04/2020,13.82,N/A,13.82,13.82,13.82,13.0308
05/01/2020,13.85,N/A,13.85,13.85,13.85,13.0591
04/30/2020,14.32,N/A,14.32,14.32,14.32,13.5022
04/29/2020,14.52,N/A,14.52,14.52,14.52,13.6908
04/28/2020,14.24,N/A,14.24,14.24,14.24,13.4268
04/27/2020,14.1,N/A,14.1,14.1,14.1,13.2948
04/24/2020,13.62,N/A,13.62,13.62,13.62,12.8422
04/23/2020,13.59,N/A,13.59,13.59,13.59,12.8139
04/22/2020,13.72,N/A,13.72,13.72,13.72,12.9365
04/21/2020,13.5,N/A,13.5,13.5,13.5,12.7291
04/20/2020,13.73,N/A,13.73,13.73,13.73,12.9459
04/17/2020,14.32,N/A,14.32,14.32,14.32,13.5022
04/16/2020,13.84,N/A,13.84,13.84,13.84,13.0496
04/15/2020,14.03,N/A,14.03,14.03,14.03,13.2288
04/14/2020,14.69,N/A,14.69,14.69,14.69,13.8511
04/13/2020,14.28,N/A,14.28,14.28,14.28,13.4645
04/09/2020,14.91,N/A,14.91,14.91,14.91,14.0585
04/08/2020,14.13,N/A,14.13,14.13,14.13,13.3231
04/07/2020,13.17,N/A,13.17,13.17,13.17,12.4179
04/06/2020,13.05,N/A,13.05,13.05,13.05,12.3048
04/03/2020,12.08,N/A,12.08,12.08,12.08,11.3902
04/02/2020,12.26,N/A,12.26,12.26,12.26,11.5599
04/01/2020,12.26,N/A,12.26,12.26,12.26,11.5599
03/31/2020,13.22,N/A,13.22,13.22,13.22,12.4651
03/30/2020,13.63,N/A,13.63,13.63,13.63,12.747
03/27/2020,13.37,N/A,13.37,13.37,13.37,12.5038
03/26/2020,13.36,N/A,13.36,13.36,13.36,12.4945
03/25/2020,12.49,N/A,12.49,12.49,12.49,11.6808
03/24/2020,11.81,N/A,11.81,11.81,11.81,11.0449
03/23/2020,10.89,N/A,10.89,10.89,10.89,10.1845
03/20/2020,11.42,N/A,11.42,11.42,11.42,10.6802
03/19/2020,11.89,N/A,11.89,11.89,11.89,11.1197
03/18/2020,11.8,N/A,11.8,11.8,11.8,11.0355
03/17/2020,13.06,N/A,13.06,13.06,13.06,12.2139
03/16/2020,12.36,N/A,12.36,12.36,12.36,11.5593
03/13/2020,15.14,N/A,15.14,15.14,15.14,14.1591
03/12/2020,13.91,N/A,13.91,13.91,13.91,13.0088
03/11/2020,15.44,N/A,15.44,15.44,15.44,14.4397
03/10/2020,16.51,N/A,16.51,16.51,16.51,15.4404
03/09/2020,15.76,N/A,15.76,15.76,15.76,14.739
03/06/2020,17.09,N/A,17.09,17.09,17.09,15.9828
03/05/2020,17.39,N/A,17.39,17.39,17.39,16.2634
03/04/2020,17.85,N/A,17.85,17.85,17.85,16.6936
03/03/2020,17.23,N/A,17.23,17.23,17.23,16.1137
03/02/2020,17.3,N/A,17.3,17.3,17.3,16.1792
02/28/2020,16.62,N/A,16.62,16.62,16.62,15.5433
02/27/2020,17.01,N/A,17.01,17.01,17.01,15.908
02/26/2020,17.93,N/A,17.93,17.93,17.93,16.7684
02/25/2020,18.18,N/A,18.18,18.18,18.18,17.0022
02/24/2020,18.68,N/A,18.68,18.68,18.68,17.4698
02/21/2020,18.97,N/A,18.97,18.97,18.97,17.741
02/20/2020,18.9,N/A,18.9,18.9,18.9,17.6756
02/19/2020,18.67,N/A,18.67,18.67,18.67,17.4605
02/18/2020,18.95,N/A,18.95,18.95,18.95,17.7223
02/14/2020,19.01,N/A,19.01,19.01,19.01,17.7784
02/13/2020,18.82,N/A,18.82,18.82,18.82,17.6007
02/12/2020,18.72,N/A,18.72,18.72,18.72,17.5072
02/11/2020,18.62,N/A,18.62,18.62,18.62,17.4137
02/10/2020,18.49,N/A,18.49,18.49,18.49,17.2921
02/07/2020,18.16,N/A,18.16,18.16,18.16,16.9835
02/06/2020,18.17,N/A,18.17,18.17,18.17,16.9929
02/05/2020,18.06,N/A,18.06,18.06,18.06,16.89
02/04/2020,18.09,N/A,18.09,18.09,18.09,16.918
02/03/2020,17.88,N/A,17.88,17.88,17.88,16.7216
01/31/2020,17.79,N/A,17.79,17.79,17.79,16.6375
01/30/2020,18.02,N/A,18.02,18.02,18.02,16.8526
01/29/2020,17.99,N/A,17.99,17.99,17.99,16.8245
01/28/2020,18.06,N/A,18.06,18.06,18.06,16.89
01/27/2020,18,N/A,18,18,18,16.8339
01/24/2020,18.11,N/A,18.11,18.11,18.11,16.9367
01/23/2020,18.17,N/A,18.17,18.17,18.17,16.9929
01/22/2020,18.02,N/A,18.02,18.02,18.02,16.8526
01/21/2020,18.13,N/A,18.13,18.13,18.13,16.9554
01/17/2020,17.97,N/A,17.97,17.97,17.97,16.8058
01/16/2020,17.94,N/A,17.94,17.94,17.94,16.7778
01/15/2020,17.77,N/A,17.77,17.77,17.77,16.6188
01/14/2020,17.6,N/A,17.6,17.6,17.6,16.4598
01/13/2020,17.68,N/A,17.68,17.68,17.68,16.5346
01/10/2020,17.51,N/A,17.51,17.51,17.51,16.3756
01/09/2020,17.38,N/A,17.38,17.38,17.38,16.254
01/08/2020,17.39,N/A,17.39,17.39,17.39,16.2634
01/07/2020,17.31,N/A,17.31,17.31,17.31,16.1886
01/06/2020,17.53,N/A,17.53,17.53,17.53,16.3943
01/03/2020,17.51,N/A,17.51,17.51,17.51,16.3756
01/02/2020,17.36,N/A,17.36,17.36,17.36,16.2353
12/31/2019,17.6,N/A,17.6,17.6,17.6,16.4598
12/30/2019,17.47,N/A,17.47,17.47,17.47,16.3382
12/27/2019,17.46,N/A,17.46,17.46,17.46,16.3288
12/26/2019,17.4,N/A,17.4,17.4,17.4,16.2727
12/24/2019,17.3,N/A,17.3,17.3,17.3,16.1792
12/23/2019,17.28,N/A,17.28,17.28,17.28,16.1605
12/20/2019,17.38,N/A,17.38,17.38,17.38,16.254
12/19/2019,17.29,N/A,17.29,17.29,17.29,16.1699
12/18/2019,17.13,N/A,17.13,17.13,17.13,16.0202
12/17/2019,17.03,N/A,17.03,17.03,17.03,15.8201
12/16/2019,17.19,N/A,17.19,17.19,17.19,15.9687
12/13/2019,17.06,N/A,17.06,17.06,17.06,15.848
12/12/2019,17.06,N/A,17.06,17.06,17.06,15.848
12/11/2019,17.31,N/A,17.31,17.31,17.31,16.0802
12/10/2019,17.5,N/A,17.5,17.5,17.5,16.2567
12/09/2019,17.59,N/A,17.59,17.59,17.59,16.3403
12/06/2019,17.56,N/A,17.56,17.56,17.56,16.3124
12/05/2019,17.52,N/A,17.52,17.52,17.52,16.2753
12/04/2019,17.51,N/A,17.51,17.51,17.51,16.266
12/03/2019,17.44,N/A,17.44,17.44,17.44,16.201
12/02/2019,17.31,N/A,17.31,17.31,17.31,16.0802
11/29/2019,17.59,N/A,17.59,17.59,17.59,16.3403
11/27/2019,17.66,N/A,17.66,17.66,17.66,16.4053
11/26/2019,17.56,N/A,17.56,17.56,17.56,16.3124
11/25/2019,17.34,N/A,17.34,17.34,17.34,16.1081
11/22/2019,17.3,N/A,17.3,17.3,17.3,16.0709
11/21/2019,17.39,N/A,17.39,17.39,17.39,16.1545
11/20/2019,17.64,N/A,17.64,17.64,17.64,16.3868
11/19/2019,17.66,N/A,17.66,17.66,17.66,16.4053
11/18/2019,17.6,N/A,17.6,17.6,17.6,16.3496
11/15/2019,17.51,N/A,17.51,17.51,17.51,16.266
11/14/2019,17.4,N/A,17.4,17.4,17.4,16.1638
11/13/2019,17.26,N/A,17.26,17.26,17.26,16.0338
11/12/2019,17.09,N/A,17.09,17.09,17.09,15.8758
11/11/2019,17.24,N/A,17.24,17.24,17.24,16.0152
11/08/2019,17.19,N/A,17.19,17.19,17.19,15.9687
11/07/2019,17.19,N/A,17.19,17.19,17.19,15.9687
11/06/2019,17.4,N/A,17.4,17.4,17.4,16.1638
11/05/2019,17.36,N/A,17.36,17.36,17.36,16.1266
11/04/2019,18.09,N/A,18.09,18.09,18.09,16.4487
11/01/2019,18.24,N/A,18.24,18.24,18.24,16.585
10/31/2019,18.21,N/A,18.21,18.21,18.21,16.5578
10/30/2019,18.26,N/A,18.26,18.26,18.26,16.6032
10/29/2019,18.12,N/A,18.12,18.12,18.12,16.4759
10/28/2019,18.06,N/A,18.06,18.06,18.06,16.4214
10/25/2019,18.06,N/A,18.06,18.06,18.06,16.4214
10/24/2019,18.18,N/A,18.18,18.18,18.18,16.5305
10/23/2019,18.17,N/A,18.17,18.17,18.17,16.5214
10/22/2019,18.16,N/A,18.16,18.16,18.16,16.5123
10/21/2019,18.23,N/A,18.23,18.23,18.23,16.5759
10/18/2019,18.1,N/A,18.1,18.1,18.1,16.4577
10/17/2019,17.96,N/A,17.96,17.96,17.96,16.3304
10/16/2019,17.85,N/A,17.85,17.85,17.85,16.2304
10/15/2019,17.86,N/A,17.86,17.86,17.86,16.2395
10/14/2019,17.84,N/A,17.84,17.84,17.84,16.2213
10/11/2019,17.85,N/A,17.85,17.85,17.85,16.2304
10/10/2019,17.87,N/A,17.87,17.87,17.87,16.2486
10/09/2019,17.83,N/A,17.83,17.83,17.83,16.2122
10/08/2019,17.82,N/A,17.82,17.82,17.82,16.2032
10/07/2019,17.9,N/A,17.9,17.9,17.9,16.2759
10/04/2019,17.93,N/A,17.93,17.93,17.93,16.3032
10/03/2019,17.85,N/A,17.85,17.85,17.85,16.2304
10/02/2019,17.67,N/A,17.67,17.67,17.67,16.0668
10/01/2019,17.72,N/A,17.72,17.72,17.72,16.1122
09/30/2019,17.9,N/A,17.9,17.9,17.9,16.2759
09/27/2019,17.95,N/A,17.95,17.95,17.95,16.2213
09/26/2019,18.08,N/A,18.08,18.08,18.08,16.3388
09/25/2019,17.94,N/A,17.94,17.94,17.94,16.2123
09/24/2019,17.94,N/A,17.94,17.94,17.94,16.2123
09/23/2019,18,N/A,18,18,18,16.2665
09/20/2019,17.98,N/A,17.98,17.98,17.98,16.2484
09/19/2019,17.96,N/A,17.96,17.96,17.96,16.2304
09/18/2019,17.88,N/A,17.88,17.88,17.88,16.1581
09/17/2019,17.93,N/A,17.93,17.93,17.93,16.2033
09/16/2019,17.74,N/A,17.74,17.74,17.74,16.0316
09/13/2019,17.56,N/A,17.56,17.56,17.56,15.8689
09/12/2019,17.75,N/A,17.75,17.75,17.75,16.0406
09/11/2019,17.64,N/A,17.64,17.64,17.64,15.9412
09/10/2019,17.59,N/A,17.59,17.59,17.59,15.896
09/09/2019,17.8,N/A,17.8,17.8,17.8,16.0858
09/06/2019,17.96,N/A,17.96,17.96,17.96,16.2304
09/05/2019,17.94,N/A,17.94,17.94,17.94,16.2123
09/04/2019,18.1,N/A,18.1,18.1,18.1,16.3569
09/03/2019,17.96,N/A,17.96,17.96,17.96,16.2304
08/30/2019,17.82,N/A,17.82,17.82,17.82,16.1039
08/29/2019,17.79,N/A,17.79,17.79,17.79,16.0767
08/28/2019,17.65,N/A,17.65,17.65,17.65,15.9502
08/27/2019,17.61,N/A,17.61,17.61,17.61,15.9141
08/26/2019,17.65,N/A,17.65,17.65,17.65,15.9502
08/23/2019,17.48,N/A,17.48,17.48,17.48,15.7966
08/22/2019,17.71,N/A,17.71,17.71,17.71,16.0045
08/21/2019,17.59,N/A,17.59,17.59,17.59,15.896
08/20/2019,17.52,N/A,17.52,17.52,17.52,15.8327
08/19/2019,17.67,N/A,17.67,17.67,17.67,15.9683
08/16/2019,17.51,N/A,17.51,17.51,17.51,15.8237
08/15/2019,17.34,N/A,17.34,17.34,17.34,15.6701
08/14/2019,17.12,N/A,17.12,17.12,17.12,15.4713
08/13/2019,17.38,N/A,17.38,17.38,17.38,15.7062
08/12/2019,17.39,N/A,17.39,17.39,17.39,15.7153
08/09/2019,17.41,N/A,17.41,17.41,17.41,15.7333
08/08/2019,17.4,N/A,17.4,17.4,17.4,15.7243
08/07/2019,17.12,N/A,17.12,17.12,17.12,15.4713
08/06/2019,16.96,N/A,16.96,16.96,16.96,15.3267
08/05/2019,16.77,N/A,16.77,16.77,16.77,15.155
08/02/2019,17.1,N/A,17.1,17.1,17.1,15.4532
08/01/2019,17.01,N/A,17.01,17.01,17.01,15.3719
07/31/2019,16.98,N/A,16.98,16.98,16.98,15.3448
07/30/2019,17.07,N/A,17.07,17.07,17.07,15.4261
07/29/2019,16.93,N/A,16.93,16.93,16.93,15.2996
07/26/2019,16.85,N/A,16.85,16.85,16.85,15.2273
07/25/2019,16.78,N/A,16.78,16.78,16.78,15.164
07/24/2019,16.87,N/A,16.87,16.87,16.87,15.2453
07/23/2019,16.88,N/A,16.88,16.88,16.88,15.2544
07/22/2019,16.68,N/A,16.68,16.68,16.68,15.0736
07/19/2019,16.68,N/A,16.68,16.68,16.68,15.0736
07/18/2019,16.96,N/A,16.96,16.96,16.96,15.3267
07/17/2019,16.95,N/A,16.95,16.95,16.95,15.3176
07/16/2019,17.02,N/A,17.02,17.02,17.02,15.3809
07/15/2019,17.08,N/A,17.08,17.08,17.08,15.4351
07/12/2019,17.05,N/A,17.05,17.05,17.05,15.408
07/11/2019,17.08,N/A,17.08,17.08,17.08,15.4351
07/10/2019,17.27,N/A,17.27,17.27,17.27,15.6068
07/09/2019,17.17,N/A,17.17,17.17,17.17,15.5165
07/08/2019,17.09,N/A,17.09,17.09,17.09,15.4442
07/05/2019,17.04,N/A,17.04,17.04,17.04,15.399
07/03/2019,17.11,N/A,17.11,17.11,17.11,15.4622
07/02/2019,16.9,N/A,16.9,16.9,16.9,15.2725
07/01/2019,16.6,N/A,16.6,16.6,16.6,15.0014
06/28/2019,16.62,N/A,16.62,16.62,16.62,15.0194
06/27/2019,17.09,N/A,17.09,17.09,17.09,14.9315
06/26/2019,16.9,N/A,16.9,16.9,16.9,14.7655
06/25/2019,17.24,N/A,17.24,17.24,17.24,15.0626
06/24/2019,17.44,N/A,17.44,17.44,17.44,15.2373
06/21/2019,17.54,N/A,17.54,17.54,17.54,15.3247
06/20/2019,17.73,N/A,17.73,17.73,17.73,15.4907
06/19/2019,17.69,N/A,17.69,17.69,17.69,15.4558
06/18/2019,17.57,N/A,17.57,17.57,17.57,15.3509
06/17/2019,17.61,N/A,17.61,17.61,17.61,15.3859
06/14/2019,17.45,N/A,17.45,17.45,17.45,15.2461
06/13/2019,17.41,N/A,17.41,17.41,17.41,15.2111
06/12/2019,17.35,N/A,17.35,17.35,17.35,15.1587
06/11/2019,17.28,N/A,17.28,17.28,17.28,15.0975
06/10/2019,17.27,N/A,17.27,17.27,17.27,15.0888
06/07/2019,17.29,N/A,17.29,17.29,17.29,15.1063
06/06/2019,17.25,N/A,17.25,17.25,17.25,15.0713
06/05/2019,17.23,N/A,17.23,17.23,17.23,15.0538
06/04/2019,16.87,N/A,16.87,16.87,16.87,14.7393
06/03/2019,16.95,N/A,16.95,16.95,16.95,14.8092
05/31/2019,16.92,N/A,16.92,16.92,16.92,14.783
05/30/2019,16.81,N/A,16.81,16.81,16.81,14.6869
05/29/2019,16.73,N/A,16.73,16.73,16.73,14.617
05/28/2019,16.96,N/A,16.96,16.96,16.96,14.8179
05/24/2019,17.14,N/A,17.14,17.14,17.14,14.9752
05/23/2019,17.11,N/A,17.11,17.11,17.11,14.949
05/22/2019,17.06,N/A,17.06,17.06,17.06,14.9053
05/21/2019,17.02,N/A,17.02,17.02,17.02,14.8704
05/20/2019,16.86,N/A,16.86,16.86,16.86,14.7306
05/17/2019,17.09,N/A,17.09,17.09,17.09,14.9315
05/16/2019,17.12,N/A,17.12,17.12,17.12,14.9577
05/15/2019,17,N/A,17,17,17,14.8529
05/14/2019,16.89,N/A,16.89,16.89,16.89,14.7568
05/13/2019,16.83,N/A,16.83,16.83,16.83,14.7044
05/10/2019,16.86,N/A,16.86,16.86,16.86,14.7306
05/09/2019,16.68,N/A,16.68,16.68,16.68,14.5733
05/08/2019,16.64,N/A,16.64,16.64,16.64,14.5384
05/07/2019,16.64,N/A,16.64,16.64,16.64,14.5384
05/06/2019,16.92,N/A,16.92,16.92,16.92,14.783
05/03/2019,16.98,N/A,16.98,16.98,16.98,14.8354
05/02/2019,16.82,N/A,16.82,16.82,16.82,14.6956
05/01/2019,16.75,N/A,16.75,16.75,16.75,14.6345
04/30/2019,16.75,N/A,16.75,16.75,16.75,14.6345
04/29/2019,16.6,N/A,16.6,16.6,16.6,14.5034
04/26/2019,16.76,N/A,16.76,16.76,16.76,14.6432
04/25/2019,16.65,N/A,16.65,16.65,16.65,14.5471
04/24/2019,16.67,N/A,16.67,16.67,16.67,14.5646
04/23/2019,16.53,N/A,16.53,16.53,16.53,14.4423
04/22/2019,16.34,N/A,16.34,16.34,16.34,14.2763
04/18/2019,16.51,N/A,16.51,16.51,16.51,14.4248
04/17/2019,16.38,N/A,16.38,16.38,16.38,14.3112
04/16/2019,16.52,N/A,16.52,16.52,16.52,14.4335
04/15/2019,16.89,N/A,16.89,16.89,16.89,14.7568
04/12/2019,16.98,N/A,16.98,16.98,16.98,14.8354
04/11/2019,16.88,N/A,16.88,16.88,16.88,14.7481
04/10/2019,16.88,N/A,16.88,16.88,16.88,14.7481
04/09/2019,16.72,N/A,16.72,16.72,16.72,14.6083
04/08/2019,16.8,N/A,16.8,16.8,16.8,14.6782
04/05/2019,16.88,N/A,16.88,16.88,16.88,14.7481
04/04/2019,16.78,N/A,16.78,16.78,16.78,14.6607
04/03/2019,16.82,N/A,16.82,16.82,16.82,14.6956
04/02/2019,16.84,N/A,16.84,16.84,16.84,14.7131
04/01/2019,16.7,N/A,16.7,16.7,16.7,14.5908
03/29/2019,16.71,N/A,16.71,16.71,16.71,14.5995
03/28/2019,16.87,N/A,16.87,16.87,16.87,14.6257
03/27/2019,16.75,N/A,16.75,16.75,16.75,14.5217
03/26/2019,16.83,N/A,16.83,16.83,16.83,14.5911
03/25/2019,16.7,N/A,16.7,16.7,16.7,14.4783
03/22/2019,16.7,N/A,16.7,16.7,16.7,14.4783
03/21/2019,16.79,N/A,16.79,16.79,16.79,14.5564
03/20/2019,16.48,N/A,16.48,16.48,16.48,14.2876
03/19/2019,16.42,N/A,16.42,16.42,16.42,14.2356
03/18/2019,16.47,N/A,16.47,16.47,16.47,14.2789
03/15/2019,16.57,N/A,16.57,16.57,16.57,14.3656
03/14/2019,16.62,N/A,16.62,16.62,16.62,14.409
03/13/2019,16.59,N/A,16.59,16.59,16.59,14.383
03/12/2019,16.52,N/A,16.52,16.52,16.52,14.3223
03/11/2019,16.45,N/A,16.45,16.45,16.45,14.2616
03/08/2019,16.23,N/A,16.23,16.23,16.23,14.0709
03/07/2019,16.21,N/A,16.21,16.21,16.21,14.0535
03/06/2019,16.23,N/A,16.23,16.23,16.23,14.0709
03/05/2019,16.31,N/A,16.31,16.31,16.31,14.1402
03/04/2019,16.27,N/A,16.27,16.27,16.27,14.1056
03/01/2019,16.2,N/A,16.2,16.2,16.2,14.0449
02/28/2019,16.2,N/A,16.2,16.2,16.2,14.0449
02/27/2019,16.15,N/A,16.15,16.15,16.15,14.0015
02/26/2019,16.23,N/A,16.23,16.23,16.23,14.0709
02/25/2019,16.27,N/A,16.27,16.27,16.27,14.1056
02/22/2019,16.38,N/A,16.38,16.38,16.38,14.2009
02/21/2019,16.29,N/A,16.29,16.29,16.29,14.1229
02/20/2019,16.31,N/A,16.31,16.31,16.31,14.1402
02/19/2019,16.4,N/A,16.4,16.4,16.4,14.2183
02/15/2019,16.35,N/A,16.35,16.35,16.35,14.1749
02/14/2019,16.27,N/A,16.27,16.27,16.27,14.1056
02/13/2019,16.19,N/A,16.19,16.19,16.19,14.0362
02/12/2019,16.11,N/A,16.11,16.11,16.11,13.9668
02/11/2019,16.23,N/A,16.23,16.23,16.23,14.0709
02/08/2019,16.19,N/A,16.19,16.19,16.19,14.0362
02/07/2019,16.16,N/A,16.16,16.16,16.16,14.0102
02/06/2019,16.05,N/A,16.05,16.05,16.05,13.9148
02/05/2019,16.15,N/A,16.15,16.15,16.15,14.0015
02/04/2019,16.08,N/A,16.08,16.08,16.08,13.9408
02/01/2019,15.96,N/A,15.96,15.96,15.96,13.8368
01/31/2019,16.05,N/A,16.05,16.05,16.05,13.9148
01/30/2019,15.9,N/A,15.9,15.9,15.9,13.7848
01/29/2019,15.77,N/A,15.77,15.77,15.77,13.6721
01/28/2019,15.65,N/A,15.65,15.65,15.65,13.568
01/25/2019,15.47,N/A,15.47,15.47,15.47,13.412
01/24/2019,15.29,N/A,15.29,15.29,15.29,13.2559
01/23/2019,15.27,N/A,15.27,15.27,15.27,13.2386
01/22/2019,15.28,N/A,15.28,15.28,15.28,13.2473
01/18/2019,15.33,N/A,15.33,15.33,15.33,13.2906
01/17/2019,15.29,N/A,15.29,15.29,15.29,13.2559
01/16/2019,15.23,N/A,15.23,15.23,15.23,13.2039
01/15/2019,15.13,N/A,15.13,15.13,15.13,13.1172
01/14/2019,14.97,N/A,14.97,14.97,14.97,12.9785
01/11/2019,15,N/A,15,15,15,13.0045
01/10/2019,14.95,N/A,14.95,14.95,14.95,12.9612
01/09/2019,14.72,N/A,14.72,14.72,14.72,12.7618
01/08/2019,14.76,N/A,14.76,14.76,14.76,12.7964
01/07/2019,14.43,N/A,14.43,14.43,14.43,12.5103
01/04/2019,14.31,N/A,14.31,14.31,14.31,12.4063
01/03/2019,14.16,N/A,14.16,14.16,14.16,12.2763
01/02/2019,14.08,N/A,14.08,14.08,14.08,12.2069
12/31/2018,14.43,N/A,14.43,14.43,14.43,12.5103
12/28/2018,14.39,N/A,14.39,14.39,14.39,12.4757
12/27/2018,14.34,N/A,14.34,14.34,14.34,12.4323
12/26/2018,14.34,N/A,14.34,14.34,14.34,12.4323
12/24/2018,13.87,N/A,13.87,13.87,13.87,12.0248
12/21/2018,14.44,N/A,14.44,14.44,14.44,12.519
12/20/2018,14.64,N/A,14.64,14.64,14.64,12.6924
12/19/2018,14.83,N/A,14.83,14.83,14.83,12.8571
12/18/2018,15.01,N/A,15.01,15.01,15.01,13.0132
12/17/2018,14.87,N/A,14.87,14.87,14.87,12.8918
12/14/2018,15.45,N/A,15.45,15.45,15.45,13.3946
12/13/2018,15.46,N/A,15.46,15.46,15.46,13.4033
12/12/2018,15.33,N/A,15.33,15.33,15.33,13.2906
12/11/2018,15.64,N/A,15.64,15.64,15.64,13.5594
12/10/2018,15.64,N/A,15.64,15.64,15.64,13.5594
12/07/2018,15.75,N/A,15.75,15.75,15.75,13.6547
12/06/2018,15.92,N/A,15.92,15.92,15.92,13.8021
12/04/2018,15.64,N/A,15.64,15.64,15.64,13.4475
12/03/2018,15.88,N/A,15.88,15.88,15.88,13.6539
11/30/2018,15.76,N/A,15.76,15.76,15.76,13.5507
11/29/2018,15.61,N/A,15.61,15.61,15.61,13.4217
11/28/2018,15.61,N/A,15.61,15.61,15.61,13.4217
11/27/2018,15.45,N/A,15.45,15.45,15.45,13.2842
11/26/2018,15.38,N/A,15.38,15.38,15.38,13.224
11/23/2018,15.35,N/A,15.35,15.35,15.35,13.1982
11/21/2018,15.37,N/A,15.37,15.37,15.37,13.2154
11/20/2018,15.35,N/A,15.35,15.35,15.35,13.1982
11/19/2018,15.47,N/A,15.47,15.47,15.47,13.3014
11/16/2018,15.48,N/A,15.48,15.48,15.48,13.31
11/15/2018,15.33,N/A,15.33,15.33,15.33,13.181
11/14/2018,15.46,N/A,15.46,15.46,15.46,13.2928
11/13/2018,15.51,N/A,15.51,15.51,15.51,13.3358
11/12/2018,15.49,N/A,15.49,15.49,15.49,13.3186
11/09/2018,15.5,N/A,15.5,15.5,15.5,13.3272
11/08/2018,15.49,N/A,15.49,15.49,15.49,13.3186
11/07/2018,15.47,N/A,15.47,15.47,15.47,13.3014
11/06/2018,15.27,N/A,15.27,15.27,15.27,13.1294
11/05/2018,15.16,N/A,15.16,15.16,15.16,13.0348
11/02/2018,14.95,N/A,14.95,14.95,14.95,12.8543
11/01/2018,15.08,N/A,15.08,15.08,15.08,12.966
10/31/2018,14.95,N/A,14.95,14.95,14.95,12.8543
10/30/2018,15.13,N/A,15.13,15.13,15.13,13.009
10/29/2018,15.02,N/A,15.02,15.02,15.02,12.9144
10/26/2018,14.85,N/A,14.85,14.85,14.85,12.7683
10/25/2018,15.24,N/A,15.24,15.24,15.24,13.1036
10/24/2018,15.02,N/A,15.02,15.02,15.02,12.9144
10/23/2018,14.88,N/A,14.88,14.88,14.88,12.7941
10/22/2018,14.82,N/A,14.82,14.82,14.82,12.7425
10/19/2018,15.01,N/A,15.01,15.01,15.01,12.9058
10/18/2018,14.92,N/A,14.92,14.92,14.92,12.8285
10/17/2018,14.95,N/A,14.95,14.95,14.95,12.8543
10/16/2018,14.98,N/A,14.98,14.98,14.98,12.88
10/15/2018,14.68,N/A,14.68,14.68,14.68,12.6221
10/12/2018,14.58,N/A,14.58,14.58,14.58,12.5361
10/11/2018,14.63,N/A,14.63,14.63,14.63,12.5791
10/10/2018,15.06,N/A,15.06,15.06,15.06,12.9488
10/09/2018,15.31,N/A,15.31,15.31,15.31,13.1638
10/08/2018,15.28,N/A,15.28,15.28,15.28,13.138
10/05/2018,15.07,N/A,15.07,15.07,15.07,12.9574
10/04/2018,15.07,N/A,15.07,15.07,15.07,12.9574
10/03/2018,15.2,N/A,15.2,15.2,15.2,13.0692
10/02/2018,15.36,N/A,15.36,15.36,15.36,13.2068
10/01/2018,15.41,N/A,15.41,15.41,15.41,13.2498
09/28/2018,15.56,N/A,15.56,15.56,15.56,13.3787
09/27/2018,15.49,N/A,15.49,15.49,15.49,13.1689
09/26/2018,15.42,N/A,15.42,15.42,15.42,13.1094
09/25/2018,15.63,N/A,15.63,15.63,15.63,13.288
09/24/2018,15.6,N/A,15.6,15.6,15.6,13.2625
09/21/2018,15.93,N/A,15.93,15.93,15.93,13.543
09/20/2018,15.91,N/A,15.91,15.91,15.91,13.526
09/19/2018,15.75,N/A,15.75,15.75,15.75,13.39
09/18/2018,15.95,N/A,15.95,15.95,15.95,13.56
09/17/2018,16.03,N/A,16.03,16.03,16.03,13.628
09/14/2018,15.95,N/A,15.95,15.95,15.95,13.56
09/13/2018,16.08,N/A,16.08,16.08,16.08,13.6705
09/12/2018,16.01,N/A,16.01,16.01,16.01,13.611
09/11/2018,16.01,N/A,16.01,16.01,16.01,13.611
09/10/2018,16.02,N/A,16.02,16.02,16.02,13.6195
09/07/2018,15.94,N/A,15.94,15.94,15.94,13.5515
09/06/2018,16.09,N/A,16.09,16.09,16.09,13.679
09/05/2018,16.04,N/A,16.04,16.04,16.04,13.6365
09/04/2018,15.94,N/A,15.94,15.94,15.94,13.5515
08/31/2018,16.12,N/A,16.12,16.12,16.12,13.7045
08/30/2018,16.08,N/A,16.08,16.08,16.08,13.6705
08/29/2018,16.17,N/A,16.17,16.17,16.17,13.7471
08/28/2018,16.18,N/A,16.18,16.18,16.18,13.7556
08/27/2018,15.99,N/A,15.99,15.99,15.99,13.594
08/24/2018,16.02,N/A,16.02,16.02,16.02,13.6195
08/23/2018,15.95,N/A,15.95,15.95,15.95,13.56
08/22/2018,15.97,N/A,15.97,15.97,15.97,13.577
08/21/2018,16.04,N/A,16.04,16.04,16.04,13.6365
08/20/2018,16.15,N/A,16.15,16.15,16.15,13.7301
08/17/2018,16.15,N/A,16.15,16.15,16.15,13.7301
08/16/2018,15.99,N/A,15.99,15.99,15.99,13.594
08/15/2018,15.87,N/A,15.87,15.87,15.87,13.492
08/14/2018,15.73,N/A,15.73,15.73,15.73,13.373
08/13/2018,15.63,N/A,15.63,15.63,15.63,13.288
08/10/2018,15.64,N/A,15.64,15.64,15.64,13.2965
08/09/2018,15.78,N/A,15.78,15.78,15.78,13.4155
08/08/2018,15.78,N/A,15.78,15.78,15.78,13.4155
08/07/2018,15.85,N/A,15.85,15.85,15.85,13.475
08/06/2018,15.88,N/A,15.88,15.88,15.88,13.5005
08/03/2018,15.91,N/A,15.91,15.91,15.91,13.526
08/02/2018,15.7,N/A,15.7,15.7,15.7,13.3475
08/01/2018,15.73,N/A,15.73,15.73,15.73,13.373
07/31/2018,15.63,N/A,15.63,15.63,15.63,13.288
07/30/2018,15.39,N/A,15.39,15.39,15.39,13.0839
07/27/2018,15.36,N/A,15.36,15.36,15.36,13.0584
07/26/2018,15.52,N/A,15.52,15.52,15.52,13.1945
07/25/2018,15.48,N/A,15.48,15.48,15.48,13.1604
07/24/2018,15.38,N/A,15.38,15.38,15.38,13.0754
07/23/2018,15.46,N/A,15.46,15.46,15.46,13.1434
07/20/2018,15.48,N/A,15.48,15.48,15.48,13.1604
07/19/2018,15.64,N/A,15.64,15.64,15.64,13.2965
07/18/2018,15.46,N/A,15.46,15.46,15.46,13.1434
07/17/2018,15.52,N/A,15.52,15.52,15.52,13.1945
07/16/2018,15.64,N/A,15.64,15.64,15.64,13.2965
07/13/2018,15.73,N/A,15.73,15.73,15.73,13.373
07/12/2018,15.77,N/A,15.77,15.77,15.77,13.407
07/11/2018,15.72,N/A,15.72,15.72,15.72,13.3645
07/10/2018,15.74,N/A,15.74,15.74,15.74,13.3815
07/09/2018,15.7,N/A,15.7,15.7,15.7,13.3475
07/06/2018,15.81,N/A,15.81,15.81,15.81,13.441
07/05/2018,15.74,N/A,15.74,15.74,15.74,13.3815
07/03/2018,15.55,N/A,15.55,15.55,15.55,13.22
07/02/2018,15.43,N/A,15.43,15.43,15.43,13.1179
06/29/2018,15.53,N/A,15.53,15.53,15.53,13.203
06/28/2018,15.6,N/A,15.6,15.6,15.6,13.1536
06/27/2018,15.47,N/A,15.47,15.47,15.47,13.044
06/26/2018,15.53,N/A,15.53,15.53,15.53,13.0946
06/25/2018,15.47,N/A,15.47,15.47,15.47,13.044
06/22/2018,15.51,N/A,15.51,15.51,15.51,13.0778
06/21/2018,15.42,N/A,15.42,15.42,15.42,13.0019
06/20/2018,15.35,N/A,15.35,15.35,15.35,12.9428
06/19/2018,15.16,N/A,15.16,15.16,15.16,12.7826
06/18/2018,15.19,N/A,15.19,15.19,15.19,12.8079
06/15/2018,15.19,N/A,15.19,15.19,15.19,12.8079
06/14/2018,15.2,N/A,15.2,15.2,15.2,12.8164
06/13/2018,15.06,N/A,15.06,15.06,15.06,12.6983
06/12/2018,15.32,N/A,15.32,15.32,15.32,12.9176
06/11/2018,15.24,N/A,15.24,15.24,15.24,12.8501
06/08/2018,15.28,N/A,15.28,15.28,15.28,12.8838
06/07/2018,15.22,N/A,15.22,15.22,15.22,12.8332
06/06/2018,15.25,N/A,15.25,15.25,15.25,12.8585
06/05/2018,15.21,N/A,15.21,15.21,15.21,12.8248
06/04/2018,15.27,N/A,15.27,15.27,15.27,12.8754
06/01/2018,15.13,N/A,15.13,15.13,15.13,12.7574
05/31/2018,15.05,N/A,15.05,15.05,15.05,12.6899
05/30/2018,15.09,N/A,15.09,15.09,15.09,12.7236
05/29/2018,14.87,N/A,14.87,14.87,14.87,12.5381
05/25/2018,14.8,N/A,14.8,14.8,14.8,12.4791
05/24/2018,14.75,N/A,14.75,14.75,14.75,12.4369
05/23/2018,14.78,N/A,14.78,14.78,14.78,12.4622
05/22/2018,14.64,N/A,14.64,14.64,14.64,12.3442
05/21/2018,14.63,N/A,14.63,14.63,14.63,12.3358
05/18/2018,14.48,N/A,14.48,14.48,14.48,12.2093
05/17/2018,14.45,N/A,14.45,14.45,14.45,12.184
05/16/2018,14.54,N/A,14.54,14.54,14.54,12.2599
05/15/2018,14.6,N/A,14.6,14.6,14.6,12.3105
05/14/2018,14.86,N/A,14.86,14.86,14.86,12.5297
05/11/2018,14.96,N/A,14.96,14.96,14.96,12.614
05/10/2018,15.01,N/A,15.01,15.01,15.01,12.6562
05/09/2018,14.88,N/A,14.88,14.88,14.88,12.5466
05/08/2018,14.76,N/A,14.76,14.76,14.76,12.4454
05/07/2018,14.84,N/A,14.84,14.84,14.84,12.5128
05/04/2018,14.75,N/A,14.75,14.75,14.75,12.4369
05/03/2018,14.58,N/A,14.58,14.58,14.58,12.2936
05/02/2018,14.61,N/A,14.61,14.61,14.61,12.3189
05/01/2018,14.67,N/A,14.67,14.67,14.67,12.3695
04/30/2018,14.57,N/A,14.57,14.57,14.57,12.2852
04/27/2018,14.63,N/A,14.63,14.63,14.63,12.3358
04/26/2018,14.41,N/A,14.41,14.41,14.41,12.1503
04/25/2018,14.22,N/A,14.22,14.22,14.22,11.9901
04/24/2018,14.23,N/A,14.23,14.23,14.23,11.9985
04/23/2018,14.18,N/A,14.18,14.18,14.18,11.9563
04/20/2018,14.19,N/A,14.19,14.19,14.19,11.9648
04/19/2018,14.31,N/A,14.31,14.31,14.31,12.0659
04/18/2018,14.53,N/A,14.53,14.53,14.53,12.2514
04/17/2018,14.54,N/A,14.54,14.54,14.54,12.2599
04/16/2018,14.36,N/A,14.36,14.36,14.36,12.1081
04/13/2018,14.26,N/A,14.26,14.26,14.26,12.0238
04/12/2018,14.17,N/A,14.17,14.17,14.17,11.9479
04/11/2018,14.33,N/A,14.33,14.33,14.33,12.0828
04/10/2018,14.3,N/A,14.3,14.3,14.3,12.0575
04/09/2018,14.32,N/A,14.32,14.32,14.32,12.0744
04/06/2018,14.37,N/A,14.37,14.37,14.37,12.1165
04/05/2018,14.49,N/A,14.49,14.49,14.49,12.2177
04/04/2018,14.51,N/A,14.51,14.51,14.51,12.2346
04/03/2018,14.38,N/A,14.38,14.38,14.38,12.125
04/02/2018,14.26,N/A,14.26,14.26,14.26,12.0238
03/29/2018,14.48,N/A,14.48,14.48,14.48,12.2093
03/28/2018,14.56,N/A,14.56,14.56,14.56,12.1924
03/27/2018,14.24,N/A,14.24,14.24,14.24,11.9245
03/26/2018,14.22,N/A,14.22,14.22,14.22,11.9077
03/23/2018,14.04,N/A,14.04,14.04,14.04,11.757
03/22/2018,14.28,N/A,14.28,14.28,14.28,11.958
03/21/2018,14.37,N/A,14.37,14.37,14.37,12.0333
03/20/2018,14.47,N/A,14.47,14.47,14.47,12.1171
03/19/2018,14.53,N/A,14.53,14.53,14.53,12.1673
03/16/2018,14.67,N/A,14.67,14.67,14.67,12.2845
03/15/2018,14.56,N/A,14.56,14.56,14.56,12.1924
03/14/2018,14.57,N/A,14.57,14.57,14.57,12.2008
03/13/2018,14.53,N/A,14.53,14.53,14.53,12.1673
03/12/2018,14.52,N/A,14.52,14.52,14.52,12.1589
03/09/2018,14.46,N/A,14.46,14.46,14.46,12.1087
03/08/2018,14.37,N/A,14.37,14.37,14.37,12.0333
03/07/2018,14.32,N/A,14.32,14.32,14.32,11.9914
03/06/2018,14.24,N/A,14.24,14.24,14.24,11.9245
03/05/2018,14.15,N/A,14.15,14.15,14.15,11.8491
03/02/2018,13.99,N/A,13.99,13.99,13.99,11.7151
03/01/2018,14.03,N/A,14.03,14.03,14.03,11.7486
02/28/2018,14.06,N/A,14.06,14.06,14.06,11.7737
02/27/2018,14.04,N/A,14.04,14.04,14.04,11.757
02/26/2018,14.31,N/A,14.31,14.31,14.31,11.9831
02/23/2018,14.29,N/A,14.29,14.29,14.29,11.9663
02/22/2018,14.04,N/A,14.04,14.04,14.04,11.757
02/21/2018,13.87,N/A,13.87,13.87,13.87,11.6146
02/20/2018,14.15,N/A,14.15,14.15,14.15,11.8491
02/16/2018,14.33,N/A,14.33,14.33,14.33,11.9998
02/15/2018,14.26,N/A,14.26,14.26,14.26,11.9412
02/14/2018,14.13,N/A,14.13,14.13,14.13,11.8323
02/13/2018,14.22,N/A,14.22,14.22,14.22,11.9077
02/12/2018,14.14,N/A,14.14,14.14,14.14,11.8407
02/09/2018,14.11,N/A,14.11,14.11,14.11,11.8156
02/08/2018,13.77,N/A,13.77,13.77,13.77,11.5309
02/07/2018,14.19,N/A,14.19,14.19,14.19,11.8826
02/06/2018,14.23,N/A,14.23,14.23,14.23,11.9161
02/05/2018,14.22,N/A,14.22,14.22,14.22,11.9077
02/02/2018,14.65,N/A,14.65,14.65,14.65,12.2678
02/01/2018,14.77,N/A,14.77,14.77,14.77,12.3683
01/31/2018,15.08,N/A,15.08,15.08,15.08,12.6279
01/30/2018,14.79,N/A,14.79,14.79,14.79,12.385
01/29/2018,14.88,N/A,14.88,14.88,14.88,12.4604
01/26/2018,15.08,N/A,15.08,15.08,15.08,12.6279
01/25/2018,15.12,N/A,15.12,15.12,15.12,12.6614
01/24/2018,15.14,N/A,15.14,15.14,15.14,12.6781
01/23/2018,15.24,N/A,15.24,15.24,15.24,12.7618
01/22/2018,15.02,N/A,15.02,15.02,15.02,12.5776
01/19/2018,14.88,N/A,14.88,14.88,14.88,12.4604
01/18/2018,14.83,N/A,14.83,14.83,14.83,12.4185
01/17/2018,14.97,N/A,14.97,14.97,14.97,12.5358
01/16/2018,14.92,N/A,14.92,14.92,14.92,12.4939
01/12/2018,14.86,N/A,14.86,14.86,14.86,12.4436
01/11/2018,14.97,N/A,14.97,14.97,14.97,12.5358
01/10/2018,15.03,N/A,15.03,15.03,15.03,12.586
01/09/2018,15.2,N/A,15.2,15.2,15.2,12.7284
01/08/2018,15.38,N/A,15.38,15.38,15.38,12.8791
01/05/2018,15.29,N/A,15.29,15.29,15.29,12.8037
01/04/2018,15.25,N/A,15.25,15.25,15.25,12.7702
01/03/2018,15.51,N/A,15.51,15.51,15.51,12.9879
01/02/2018,15.51,N/A,15.51,15.51,15.51,12.9879
12/29/2017,15.59,N/A,15.59,15.59,15.59,13.0549
12/28/2017,15.59,N/A,15.59,15.59,15.59,13.0549
12/27/2017,15.5,N/A,15.5,15.5,15.5,12.9796
12/26/2017,15.45,N/A,15.45,15.45,15.45,12.9377
12/22/2017,15.36,N/A,15.36,15.36,15.36,12.8623
12/21/2017,15.27,N/A,15.27,15.27,15.27,12.787
12/20/2017,15.31,N/A,15.31,15.31,15.31,12.8205
12/19/2017,15.48,N/A,15.48,15.48,15.48,12.9628
12/18/2017,15.79,N/A,15.79,15.79,15.79,13.2224
12/15/2017,15.7,N/A,15.7,15.7,15.7,13.147
12/14/2017,15.61,N/A,15.61,15.61,15.61,13.0717
12/13/2017,15.61,N/A,15.61,15.61,15.61,13.0717
12/12/2017,15.59,N/A,15.59,15.59,15.59,13.0549
12/11/2017,15.53,N/A,15.53,15.53,15.53,13.0047
12/08/2017,15.51,N/A,15.51,15.51,15.51,12.9879
12/07/2017,15.45,N/A,15.45,15.45,15.45,12.9377
12/06/2017,15.38,N/A,15.38,15.38,15.38,12.8791
12/05/2017,15.49,N/A,15.49,15.49,15.49,12.8883
12/04/2017,15.61,N/A,15.61,15.61,15.61,12.9881
12/01/2017,15.74,N/A,15.74,15.74,15.74,13.0963
11/30/2017,15.69,N/A,15.69,15.69,15.69,13.0547
11/29/2017,15.66,N/A,15.66,15.66,15.66,13.0297
11/28/2017,15.66,N/A,15.66,15.66,15.66,13.0297
11/27/2017,15.72,N/A,15.72,15.72,15.72,13.0797
11/24/2017,15.77,N/A,15.77,15.77,15.77,13.1213
11/22/2017,15.74,N/A,15.74,15.74,15.74,13.0963
11/21/2017,15.77,N/A,15.77,15.77,15.77,13.1213
11/20/2017,15.64,N/A,15.64,15.64,15.64,13.0131
11/17/2017,15.67,N/A,15.67,15.67,15.67,13.0381
11/16/2017,15.74,N/A,15.74,15.74,15.74,13.0963
11/15/2017,15.65,N/A,15.65,15.65,15.65,13.0214
11/14/2017,15.8,N/A,15.8,15.8,15.8,13.1462
11/13/2017,15.83,N/A,15.83,15.83,15.83,13.1712
11/10/2017,15.75,N/A,15.75,15.75,15.75,13.1046
11/09/2017,15.76,N/A,15.76,15.76,15.76,13.1129
11/08/2017,15.76,N/A,15.76,15.76,15.76,13.1129
11/07/2017,15.66,N/A,15.66,15.66,15.66,13.0297
11/06/2017,15.56,N/A,15.56,15.56,15.56,12.9465
11/03/2017,15.41,N/A,15.41,15.41,15.41,12.8217
11/02/2017,15.42,N/A,15.42,15.42,15.42,12.8301
11/01/2017,15.32,N/A,15.32,15.32,15.32,12.7468
10/31/2017,15.27,N/A,15.27,15.27,15.27,12.7052
10/30/2017,15.24,N/A,15.24,15.24,15.24,12.6803
10/27/2017,15.24,N/A,15.24,15.24,15.24,12.6803
10/26/2017,15.16,N/A,15.16,15.16,15.16,12.6137
10/25/2017,15.26,N/A,15.26,15.26,15.26,12.6969
10/24/2017,15.28,N/A,15.28,15.28,15.28,12.7136
10/23/2017,15.36,N/A,15.36,15.36,15.36,12.7801
10/20/2017,15.43,N/A,15.43,15.43,15.43,12.8384
10/19/2017,15.48,N/A,15.48,15.48,15.48,12.88
10/18/2017,15.51,N/A,15.51,15.51,15.51,12.9049
10/17/2017,15.54,N/A,15.54,15.54,15.54,12.9299
10/16/2017,15.53,N/A,15.53,15.53,15.53,12.9216
10/13/2017,15.59,N/A,15.59,15.59,15.59,12.9715
10/12/2017,15.58,N/A,15.58,15.58,15.58,12.9632
10/11/2017,15.5,N/A,15.5,15.5,15.5,12.8966
10/10/2017,15.44,N/A,15.44,15.44,15.44,12.8467
10/09/2017,15.41,N/A,15.41,15.41,15.41,12.8217
10/06/2017,15.37,N/A,15.37,15.37,15.37,12.7884
10/05/2017,15.39,N/A,15.39,15.39,15.39,12.8051
10/04/2017,15.32,N/A,15.32,15.32,15.32,12.7468
10/03/2017,15.21,N/A,15.21,15.21,15.21,12.6553
10/02/2017,15.22,N/A,15.22,15.22,15.22,12.6636
09/29/2017,15.25,N/A,15.25,15.25,15.25,12.6886
09/28/2017,15.32,N/A,15.32,15.32,15.32,12.6636
09/27/2017,15.22,N/A,15.22,15.22,15.22,12.581
09/26/2017,15.34,N/A,15.34,15.34,15.34,12.6802
09/25/2017,15.34,N/A,15.34,15.34,15.34,12.6802
09/22/2017,15.29,N/A,15.29,15.29,15.29,12.6388
09/21/2017,15.39,N/A,15.39,15.39,15.39,12.7215
09/20/2017,15.41,N/A,15.41,15.41,15.41,12.738
09/19/2017,15.46,N/A,15.46,15.46,15.46,12.7794
09/18/2017,15.56,N/A,15.56,15.56,15.56,12.862
09/15/2017,15.64,N/A,15.64,15.64,15.64,12.9282
09/14/2017,15.5,N/A,15.5,15.5,15.5,12.8124
09/13/2017,15.5,N/A,15.5,15.5,15.5,12.8124
09/12/2017,15.54,N/A,15.54,15.54,15.54,12.8455
09/11/2017,15.74,N/A,15.74,15.74,15.74,13.0108
09/08/2017,15.6,N/A,15.6,15.6,15.6,12.8951
09/07/2017,15.6,N/A,15.6,15.6,15.6,12.8951
09/06/2017,15.51,N/A,15.51,15.51,15.51,12.8207
09/05/2017,15.49,N/A,15.49,15.49,15.49,12.8042
09/01/2017,15.54,N/A,15.54,15.54,15.54,12.8455
08/31/2017,15.5,N/A,15.5,15.5,15.5,12.8124
08/30/2017,15.42,N/A,15.42,15.42,15.42,12.7463
08/29/2017,15.31,N/A,15.31,15.31,15.31,12.6554
08/28/2017,15.34,N/A,15.34,15.34,15.34,12.6802
08/25/2017,15.45,N/A,15.45,15.45,15.45,12.7711
08/24/2017,15.39,N/A,15.39,15.39,15.39,12.7215
08/23/2017,15.44,N/A,15.44,15.44,15.44,12.7628
08/22/2017,15.3,N/A,15.3,15.3,15.3,12.6471
08/21/2017,15.3,N/A,15.3,15.3,15.3,12.6471
08/18/2017,15.16,N/A,15.16,15.16,15.16,12.5314
08/17/2017,15.29,N/A,15.29,15.29,15.29,12.6388
08/16/2017,15.38,N/A,15.38,15.38,15.38,12.7132
08/15/2017,15.33,N/A,15.33,15.33,15.33,12.6719
08/14/2017,15.37,N/A,15.37,15.37,15.37,12.705
08/11/2017,15.09,N/A,15.09,15.09,15.09,12.4735
08/10/2017,15.17,N/A,15.17,15.17,15.17,12.5397
08/09/2017,15.26,N/A,15.26,15.26,15.26,12.6141
08/08/2017,15.28,N/A,15.28,15.28,15.28,12.6306
08/07/2017,15.36,N/A,15.36,15.36,15.36,12.6967
08/04/2017,15.39,N/A,15.39,15.39,15.39,12.7215
08/03/2017,15.32,N/A,15.32,15.32,15.32,12.6636
08/02/2017,15.37,N/A,15.37,15.37,15.37,12.705
08/01/2017,15.49,N/A,15.49,15.49,15.49,12.8042
07/31/2017,15.42,N/A,15.42,15.42,15.42,12.7463
07/28/2017,15.43,N/A,15.43,15.43,15.43,12.7546
07/27/2017,15.43,N/A,15.43,15.43,15.43,12.7546
07/26/2017,15.41,N/A,15.41,15.41,15.41,12.738
07/25/2017,15.31,N/A,15.31,15.31,15.31,12.6554
07/24/2017,15.31,N/A,15.31,15.31,15.31,12.6554
07/21/2017,15.32,N/A,15.32,15.32,15.32,12.6636
07/20/2017,15.31,N/A,15.31,15.31,15.31,12.6554
07/19/2017,15.38,N/A,15.38,15.38,15.38,12.7132
07/18/2017,15.25,N/A,15.25,15.25,15.25,12.6058
07/17/2017,15.28,N/A,15.28,15.28,15.28,12.6306
07/14/2017,15.18,N/A,15.18,15.18,15.18,12.5479
07/13/2017,15.06,N/A,15.06,15.06,15.06,12.4487
07/12/2017,15.02,N/A,15.02,15.02,15.02,12.4157
07/11/2017,14.86,N/A,14.86,14.86,14.86,12.2834
07/10/2017,14.87,N/A,14.87,14.87,14.87,12.2917
07/07/2017,15.02,N/A,15.02,15.02,15.02,12.4157
07/06/2017,14.92,N/A,14.92,14.92,14.92,12.333
07/05/2017,15.22,N/A,15.22,15.22,15.22,12.581
07/03/2017,15.4,N/A,15.4,15.4,15.4,12.7298
06/30/2017,15.24,N/A,15.24,15.24,15.24,12.5975
06/29/2017,15.35,N/A,15.35,15.35,15.35,12.6091
06/28/2017,15.5,N/A,15.5,15.5,15.5,12.7323
06/27/2017,15.49,N/A,15.49,15.49,15.49,12.7241
06/26/2017,15.62,N/A,15.62,15.62,15.62,12.8309
06/23/2017,15.55,N/A,15.55,15.55,15.55,12.7734
06/22/2017,15.5,N/A,15.5,15.5,15.5,12.7323
06/21/2017,15.49,N/A,15.49,15.49,15.49,12.7241
06/20/2017,15.52,N/A,15.52,15.52,15.52,12.7487
06/19/2017,15.56,N/A,15.56,15.56,15.56,12.7816
06/16/2017,15.56,N/A,15.56,15.56,15.56,12.7816
06/15/2017,15.6,N/A,15.6,15.6,15.6,12.8145
06/14/2017,15.55,N/A,15.55,15.55,15.55,12.7734
06/13/2017,15.5,N/A,15.5,15.5,15.5,12.7323
06/12/2017,15.47,N/A,15.47,15.47,15.47,12.7077
06/09/2017,15.36,N/A,15.36,15.36,15.36,12.6173
06/08/2017,15.23,N/A,15.23,15.23,15.23,12.5105
06/07/2017,15.25,N/A,15.25,15.25,15.25,12.5269
06/06/2017,15.14,N/A,15.14,15.14,15.14,12.4366
06/05/2017,15.24,N/A,15.24,15.24,15.24,12.5187
06/02/2017,15.26,N/A,15.26,15.26,15.26,12.5352
06/01/2017,15.07,N/A,15.07,15.07,15.07,12.3791
05/31/2017,14.99,N/A,14.99,14.99,14.99,12.3134
05/30/2017,14.97,N/A,14.97,14.97,14.97,12.2969
05/26/2017,15.05,N/A,15.05,15.05,15.05,12.3627
05/25/2017,15.15,N/A,15.15,15.15,15.15,12.4448
05/24/2017,15.15,N/A,15.15,15.15,15.15,12.4448
05/23/2017,15.06,N/A,15.06,15.06,15.06,12.3709
05/22/2017,15.03,N/A,15.03,15.03,15.03,12.3462
05/19/2017,14.95,N/A,14.95,14.95,14.95,12.2805
05/18/2017,14.88,N/A,14.88,14.88,14.88,12.223
05/17/2017,14.8,N/A,14.8,14.8,14.8,12.1573
05/16/2017,14.78,N/A,14.78,14.78,14.78,12.1409
05/15/2017,14.86,N/A,14.86,14.86,14.86,12.2066
05/12/2017,14.8,N/A,14.8,14.8,14.8,12.1573
05/11/2017,14.82,N/A,14.82,14.82,14.82,12.1737
05/10/2017,14.9,N/A,14.9,14.9,14.9,12.2394
05/09/2017,14.78,N/A,14.78,14.78,14.78,12.1409
05/08/2017,14.86,N/A,14.86,14.86,14.86,12.2066
05/05/2017,14.93,N/A,14.93,14.93,14.93,12.2641
05/04/2017,14.81,N/A,14.81,14.81,14.81,12.1655
05/03/2017,14.87,N/A,14.87,14.87,14.87,12.2148
05/02/2017,15.05,N/A,15.05,15.05,15.05,12.3627
05/01/2017,15.08,N/A,15.08,15.08,15.08,12.3873
04/28/2017,15.02,N/A,15.02,15.02,15.02,12.338
04/27/2017,15.15,N/A,15.15,15.15,15.15,12.4448
04/26/2017,15.15,N/A,15.15,15.15,15.15,12.4448
04/25/2017,15.27,N/A,15.27,15.27,15.27,12.5434
04/24/2017,15.18,N/A,15.18,15.18,15.18,12.4695
04/21/2017,15.32,N/A,15.32,15.32,15.32,12.5845
04/20/2017,15.38,N/A,15.38,15.38,15.38,12.6337
04/19/2017,15.37,N/A,15.37,15.37,15.37,12.6255
04/18/2017,15.39,N/A,15.39,15.39,15.39,12.642
04/17/2017,15.38,N/A,15.38,15.38,15.38,12.6337
04/13/2017,15.18,N/A,15.18,15.18,15.18,12.4695
04/12/2017,15.23,N/A,15.23,15.23,15.23,12.5105
04/11/2017,15.27,N/A,15.27,15.27,15.27,12.5434
04/10/2017,15.17,N/A,15.17,15.17,15.17,12.4612
04/07/2017,15.09,N/A,15.09,15.09,15.09,12.3955
04/06/2017,15.09,N/A,15.09,15.09,15.09,12.3955
04/05/2017,14.99,N/A,14.99,14.99,14.99,12.3134
04/04/2017,14.97,N/A,14.97,14.97,14.97,12.2969
04/03/2017,14.97,N/A,14.97,14.97,14.97,12.2969
